source,spot,time,userid,content,star
美团,大伊山,2018/11/25 0:00,我爱逗丁,环境优美，值得一去，我们的大伊山,4
美团,大伊山,2018/11/4 0:00,WXS866334165,对于一个本地人，感觉很坑啊，因为这景点根本不值这个钱啊！,1
美团,大伊山,2018/10/27 0:00,DsA435520651,,4
美团,大伊山,2018/10/27 0:00,DsA435520651,,4
美团,大伊山,2018/10/27 0:00,DsA435520651,,4
美团,大伊山,2018/10/27 0:00,DsA435520651,,4
美团,大伊山,2018/10/27 0:00,DsA435520651,价格过高,4
美团,大伊山,2018/10/23 0:00,zsC657796144,,5
美团,大伊山,2018/10/19 0:00,匿名用户,门票收费偏高 .............,2
美团,大伊山,2018/10/9 0:00,GvN260986015,,5
美团,大伊山,2018/10/9 0:00,GvN260986015,,5
美团,大伊山,2018/9/29 0:00,简单啦啦啦啦,,5
美团,大伊山,2018/9/29 0:00,简单啦啦啦啦,,5
美团,大伊山,2018/9/18 0:00,jingyi5838,环境还不错了，适合爬山锻炼……,3
美团,大伊山,2018/9/18 0:00,jingyi5838,环境还不错吧！以后有机会还会再去的,3
美团,大伊山,2018/9/8 0:00,匿名用户,大灌云很美,4
美团,大伊山,2018/9/1 0:00,匿名用户,,5
美团,大伊山,2018/8/10 0:00,匿名用户,,4
美团,大伊山,2018/8/8 0:00,牵绊丶°,除了山还是山，看景不如听景！！！！！,2
美团,大伊山,2018/8/1 0:00,匿名用户,,5
美团,大伊山,2018/7/28 0:00,Z西美食,,4
美团,大伊山,2018/7/27 0:00,NnS272257264,,5
美团,大伊山,2018/7/17 0:00,Sunny8541,,4
美团,大伊山,2018/7/15 0:00,eOL620290113,景色很美，工作人员很热情，要能有文化民宿就好了。,5
美团,大伊山,2018/7/13 0:00,匿名用户,非常非常一般，还那么贵，贵贵贵,1
美团,大伊山,2018/7/11 0:00,明天会更好67123,山里没好玩不说，还太坑特别是烧香拜佛那里,1
美团,大伊山,2018/7/10 0:00,云YUU,,4
美团,大伊山,2018/7/5 0:00,_qq6ts1392895568,总体来说  ，可以的 就是太累了  山太高,3
美团,大伊山,2018/7/2 0:00,XNE585738074,一定数据统计空间空间里IPO问路上小心地推咩6bxnx,2
美团,大伊山,2018/6/20 0:00,jrP241818200,带团队去的，还不错！真心不错！,3
美团,大伊山,2018/6/11 0:00,yun失眠的夜,,4
美团,大伊山,2018/5/26 0:00,Ijo308150603,,5
美团,大伊山,2018/5/24 0:00,XhH95672788,还不错，风景也还可以，站的高才能看的远,3
美团,大伊山,2018/5/17 0:00,水晶之恋1019,不怎么样啊！花钱的还不如不花钱的好玩啊！边上大佛寺是免费的啊！,1
美团,大伊山,2018/5/17 0:00,顾立芹,,4
美团,大伊山,2018/5/15 0:00,jfjn57,,5
美团,大伊山,2018/5/3 0:00,UMr747683808,,5
美团,大伊山,2018/4/23 0:00,GJR313699543,,5
美团,大伊山,2018/4/19 0:00,瞎瞎瞎瞎瞎瞎子,,5
美团,大伊山,2018/4/15 0:00,海绵购物宝宝,,5
美团,大伊山,2018/4/13 0:00,yanlingzhuang,陪婆婆去拜佛的，没什么人，佛很大！希望能灵！,4
美团,大伊山,2018/4/11 0:00,吾本、p狂,不好玩，门票还贼贵，不建议，贼坑,1
美团,大伊山,2018/4/7 0:00,逍遥居士wmh,,5
美团,大伊山,2018/4/5 0:00,洋洋游泳,,5
美团,大伊山,2018/4/2 0:00,tjsjw09,,5
美团,大伊山,2018/3/30 0:00,夏末李晓雅,挺好的,5
美团,大伊山,2018/3/25 0:00,俊www.,,5
美团,大伊山,2018/3/23 0:00,zEA195407295,门票太贵，陪朋友去玩的，就朋友一个人进去。,3
美团,大伊山,2018/3/21 0:00,fUd890210898,我自己的家乡难得回来一次还要付钱！哎,2
美团,大伊山,2018/3/18 0:00,YYc231068268,检票的***，说不用美团，有打电话才给用,1
美团,大伊山,2018/3/17 0:00,CX5628,,5
美团,大伊山,2018/3/17 0:00,CX5628,,5
美团,大伊山,2018/3/13 0:00,一起等待你的到来,,5
美团,大伊山,2018/3/13 0:00,一起等待你的到来,,5
美团,大伊山,2018/3/12 0:00,Buf812160506,没有什么好看的特色，卫生也不是太好,2
美团,大伊山,2018/3/12 0:00,pno301966186,景区不算大，刚好我们时间也有限，转一圈就回去了,2
美团,大伊山,2018/3/10 0:00,Cnr414875587,,4
美团,大伊山,2018/3/9 0:00,qrb968925,这样的景点叫风景区，真的太差，路堵不好走,1
美团,大伊山,2018/3/8 0:00,lishu720,身为灌云人，爬一次山还要60块钱！简直是恶心得不能再恶心了,1
美团,大伊山,2018/3/5 0:00,vbD348586875,,4
美团,大伊山,2018/2/27 0:00,灌云Ⅵ,,5
美团,大伊山,2018/2/23 0:00,那一抹0浅笑,等春暖花开时再去，应该是挺不错的，还有这个门票，四个人多花了八十块，美团，50，现场10拼一下才30一张，下次去现场搞清楚情况之后再买票，别吃亏了?,3
美团,大伊山,2018/2/22 0:00,ayang93,现在收门票，也是规划的蛮好的，挺好的,3
美团,大伊山,2018/2/22 0:00,xinsiwei1999,,5
美团,大伊山,2018/2/22 0:00,Bye920655491,还行,4
美团,大伊山,2018/2/21 0:00,匿名用户,身为伊山人还***收六十一人，大灌云可以的，山上玩的也没有，人也差点看不到。。,1
美团,大伊山,2018/2/21 0:00,匿名用户,不怎么好玩，也就那么回事，门票还要那么贵,3
美团,大伊山,2018/2/20 0:00,吴沁洋2014,,5
美团,大伊山,2018/2/19 0:00,匿名用户,没事的时候可以去转转，看看大佛,3
美团,大伊山,2018/2/17 0:00,zHS4185040,,5
美团,大伊山,2018/2/16 0:00,RBS524151748,还是老样子！钱还不便宜----,2
美团,大伊山,2018/2/16 0:00,qysheng,说实话，真不怎么样，下次都不来了,2
美团,大伊山,2018/2/9 0:00,用户5873491102,真心一般，也就走走，没什么值得看的，虚头多,2
美团,大伊山,2018/2/9 0:00,沭阳王村长,垃圾没有什么好看的风景，50元一个人，连10元都不值,1
美团,大伊山,2018/2/4 0:00,CYo213595630,,4
美团,大伊山,2018/1/29 0:00,临沂启群商贸,,5
美团,大伊山,2018/1/26 0:00,Kxn252738550,环境好，人工建筑太多！冬天去的景色不大美丽！建议春秋去玩比较好,5
美团,大伊山,2018/1/23 0:00,沈199418,,4
美团,大伊山,2018/1/21 0:00,rDz589640740,马马虎虎吧，和朋友一起去拜拜佛，爬爬山，锻炼下身体,2
美团,大伊山,2018/1/20 0:00,是小馨馨呀,有山有水，环境可以，就是特别消耗体力,3
美团,大伊山,2018/1/16 0:00,匿名用户,不咋地就那样吧，无聊的一比，价格太高，没什么玩的,2
美团,大伊山,2018/1/7 0:00,夯夯有力,,4
美团,大伊山,2018/1/3 0:00,邪魅宝宝,,4
美团,大伊山,2018/1/2 0:00,fanlei0119,不会再去了，性价比很低，在建设中,2
美团,大伊山,2018/1/1 0:00,Kuangxua,,5
美团,大伊山,2017/12/29 0:00,尹国利,不值这个钱…………………………,2
美团,大伊山,2017/12/29 0:00,再接再厉的风,小时候经常来，那时候还不要钱，不怎么大 设施也不怎么样,3
美团,大伊山,2017/12/26 0:00,rdn286287200,忽悠外地人。贵。 不真诚。里面就一个佛像 什么都没??,1
美团,大伊山,2017/12/23 0:00,小月半砸,,4
美团,大伊山,2017/12/23 0:00,小月半砸,,4
美团,大伊山,2017/12/16 0:00,DDYITONG,设施一般，安全防护不够，宰客现象严重,1
美团,大伊山,2017/12/16 0:00,Q45dhehwq45,,5
美团,大伊山,2017/12/16 0:00,seayar8610,不错，景色挺美的,4
美团,大伊山,2017/12/11 0:00,BJd765970970,不错的，跟其它景区比很人性化了，收的门票感觉合理，有这么多护工资要付，景区不大投资也要成本。个人感觉还行,3
美团,大伊山,2017/12/10 0:00,清醒雨中,,4
美团,大伊山,2017/12/10 0:00,清醒雨中,,4
美团,大伊山,2017/12/10 0:00,轻松77,几年前还是五块钱门票，现在一下子涨这么多，大佛也不能上去近距离接触了,3
美团,大伊山,2017/12/3 0:00,虔诚的信仰者,很不错，环境道路比以前好了许多,3
美团,大伊山,2017/12/3 0:00,dongqiong0219,,5
美团,大伊山,2017/12/3 0:00,dongqiong0219,,5
美团,大伊山,2017/12/3 0:00,詹明芳,是一个人去的，当时山上都没几个人，没有以前好玩了，,3
美团,大伊山,2017/12/1 0:00,匿名用户,,5
美团,大伊山,2017/11/26 0:00,BYL332798306,,5
美团,大伊山,2017/11/26 0:00,Zm96999699,还行，我是灌云人还买了几百块钱票，终身不买了,5
美团,大伊山,2017/11/20 0:00,QaD154106411,设施齐全，路道安全，空气清新，环境优美，国家4A级旅游景点,5
美团,大伊山,2017/11/18 0:00,Zbk143274320,设施齐全，环境优美，环境卫生非常好。,4
美团,大伊山,2017/11/17 0:00,陈yr0928,,5
美团,大伊山,2017/11/15 0:00,匿名用户,去给菩萨磕个头还要先买门票。停车10分钟收10元。,2
美团,大伊山,2017/11/11 0:00,EvR242486777,以前不收费，有点不值。人很少。,3
美团,大伊山,2017/11/8 0:00,别无所求1213,不是很好玩，山不高，但是长。,5
美团,大伊山,2017/11/6 0:00,MXH120703406,门票价格有点高,5
美团,大伊山,2017/11/4 0:00,顺迪陶瓷,还行。比较喜欢山上的感觉,4
美团,大伊山,2017/11/1 0:00,tfn721101241,散心不错，真的想爬山，有点矮,5
美团,大伊山,2017/10/31 0:00,匿名用户,,5
美团,大伊山,2017/10/31 0:00,嗨情歌,,5
美团,大伊山,2017/10/31 0:00,照样飞吧,是欺骗我们这些外地人还是怎么的，有很多人都没买票就进入景区了，感觉不值……,1
美团,大伊山,2017/10/29 0:00,tfy592405511,,4
美团,大伊山,2017/10/29 0:00,小大姐啊啊,只能说，还好吧。一个公园。没什么人，爬爬山，运动下，挺好的,4
美团,大伊山,2017/10/28 0:00,INl111417643,,5
美团,大伊山,2017/10/28 0:00,BTC440080220,风景一般，基本就是爬山，不过佛像还是很壮观，拜佛的好地方。,3
美团,大伊山,2017/10/28 0:00,dcj1984,,5
美团,大伊山,2017/10/25 0:00,aEV333474263,啥都没有，全是人工的，就这样也是很差，大骗子！这样的景区应该是免费,1
美团,大伊山,2017/10/21 0:00,匿名用户,,4
美团,大伊山,2017/10/21 0:00,匿名用户,,5
美团,大伊山,2017/10/19 0:00,Ysh18796226622,,5
美团,大伊山,2017/10/17 0:00,LXI384999090,环境优美，下次还会去的,5
美团,大伊山,2017/10/12 0:00,百变无敌范,,5
美团,大伊山,2017/10/10 0:00,圆宝宝ybb,不错的，空气很好。,5
美团,大伊山,2017/10/8 0:00,蓝妖ZCP,适合散步，真想爬山的话这山有点小了。服务很好，烧香拜佛的朋友可以去，里面有个万佛堂很适合参拜。在山脚下就是一尊如来佛像，和无锡差不多大。带小孩就不怎么适合了。总的来说还是可以玩玩的,4
美团,大伊山,2017/10/7 0:00,FFz202464927,,4
美团,大伊山,2017/10/7 0:00,wgR469713651,风景一般，价格偏高，权当锻炼身体了。,3
美团,大伊山,2017/10/7 0:00,匿名用户,价格高，性价比低，台阶修缮不安全,1
美团,大伊山,2017/10/7 0:00,samshi422,,4
美团,大伊山,2017/10/7 0:00,sun1992jin,很不错,5
美团,大伊山,2017/10/6 0:00,Sun――孙丽,,5
美团,大伊山,2017/10/6 0:00,KJj429174575,,5
美团,大伊山,2017/10/4 0:00,YCQ77619,我的人都有一个小孩子性了？一起去,1
美团,大伊山,2017/10/3 0:00,小地主…,送了礼品，还有食品券。不错！爬山累！,5
美团,大伊山,2017/10/3 0:00,匿名用户,超级不值！以前去过，凭身份证可以直接入园！票价也是坑我们外地人的！60一张！本地人问10元一张卖不卖？不卖我从其他山照样爬上去，最后居然10块钱就买到了票！！！我们居然美团还花了50一张票！！山上没有什么景点，总体评价！花10块钱都不值得去！,1
美团,大伊山,2017/10/2 0:00,Mr・刘英杰,,5
美团,大伊山,2017/9/24 0:00,潇潇172,,5
美团,大伊山,2017/9/22 0:00,UUH685561005,,4
美团,大伊山,2017/9/16 0:00,bqi718843688,,5
美团,大伊山,2017/9/14 0:00,人生百,,4
美团,大伊山,2017/8/27 0:00,袁玉娟YYJ,,4
美团,大伊山,2017/7/29 0:00,匿名用户,导游热情，讲解详细。山上有?菇，山洞很凉爽！,5
美团,伊芦山,2018/10/7 0:00,匿名用户,新的景点，规划不错。,4
美团,伊芦山,2018/10/2 0:00,MwV747701779,刚建好，没啥可看的。第二年应该会很好,2
美团,伊芦山,2018/9/13 0:00,小巫女！,首先票价太贵，进去转了一圈，没看到有多少梅花开放，但是盆栽挺多的！至于风景还行吧，有几处挺好看的！！！希望票价能有所整改！（听说年卡都不能用？）,2
美团,伊芦山,2018/8/17 0:00,Jww862827467,景区里面还是挺大的，听景区里面人介绍景区1560亩，很多梅花品种，我很喜欢，下次梅花节一定要带家人一起来happy。,5
美团,伊芦山,2018/8/17 0:00,Jww862827467,今天很开心带宝宝来景区旅游，带宝宝骑着景区的自行车，宝宝非常激动，游览了品梅阁和精品苑，景色很好，值得带家人游玩。,5
美团,伊芦山,2018/8/17 0:00,Jww862827467,由于今天突然下午，景区工作人员很热情的找雨伞给我用，很细心，很周到的服务，景区真的很赞哦！,5
美团,伊芦山,2018/8/17 0:00,匿名用户,带宝宝一起来玩，景色挺好的?，精品苑和品梅阁都很好，在里面喝茶，休息，希望景区多多完善，我们可以在家门口就有这个好去处,4
美团,伊芦山,2018/8/17 0:00,匿名用户,和孩子一起来的，景色挺好，适合过来郊游，坐船，骑车体验一下慢生活。听服务人员说，冬天的时候有梅花节，梅花开的时候更好看，冬天在来玩，踏雪寻梅,4
美团,伊芦山,2018/8/17 0:00,Jww862827467,梅园售票小姐姐很热情，进入景区后工作人员也很热情介绍，精品苑景色很好看。我和家人玩的很开心。,5
美团,伊芦山,2018/8/17 0:00,syC217669664,服务人员很热情，还有很多志愿者服务，带了宝宝过来，有手推车，宝宝椅，坐观光车，今天天气凉快，正好出行。,4
美团,伊芦山,2018/8/17 0:00,syC217669664,天气炎热的时候来的，骑自行车，做游船，也挺凉快，里面树特别多，还有很多各种花，希望以后越来越好！,4
美团,伊芦山,2018/8/17 0:00,syC217669664,今天天气很凉爽，和朋友一起来玩，空气清新，很适合一起过来郊游，去年开花的时候来过，现在来也是别有一番风景，一早来还看到有打太极的，??希望景区多弄点娱乐好玩的项目～,4
美团,伊芦山,2018/8/17 0:00,lXJ318062314,环境很好，等梅花开的时候再来，更好看，里面很多别的花，景色优美。,4
美团,伊芦山,2018/8/1 0:00,Dkz504647859,人多花少路窄卡不用停车场石子多,1
美团,伊芦山,2018/7/23 0:00,小猪_小呆,没啥可看的，当小公园转转还行，梅花基本都不开,2
美团,伊芦山,2018/6/22 0:00,muyanpingbao,价格太贵，不值得，进去看到的都是盆景,2
美团,伊芦山,2018/6/14 0:00,FKJ607797319,冬天去的，服务态度很好，就是去早了梅花还没开,2
美团,伊芦山,2018/6/2 0:00,平平5962,,4
美团,伊芦山,2018/5/26 0:00,匿名用户,梅花开了小半，性价比不高，除了人工湖没啥意思,2
美团,伊芦山,2018/5/1 0:00,lygtdk,,5
美团,伊芦山,2018/5/1 0:00,lygtdk,,5
美团,伊芦山,2018/4/29 0:00,小雨0325,还好,5
美团,伊芦山,2018/4/29 0:00,匿名用户,还不错，孩子玩的很开心,5
美团,伊芦山,2018/4/29 0:00,匿名用户,很赞，闺女开心，小汉服不错的。,5
美团,伊芦山,2018/4/25 0:00,匿名用户,非常差的一次体验，哪有什么梅，移植的根本还没开花，不具备开园条件，根本就是骗人的，还要那么高的门票，简直是抢钱，鄙视?,1
美团,伊芦山,2018/4/22 0:00,峰子杨,基础设施建设的很差很差，基本没什么可玩的,1
美团,伊芦山,2018/4/18 0:00,NEk1375204,没有啥好玩的 门票那么贵就这一次吧,1
美团,伊芦山,2018/4/16 0:00,KqE180106696,,5
美团,伊芦山,2018/4/16 0:00,ywE619841674,一般般吧，没什么好看的，门票好贵,2
美团,伊芦山,2018/4/15 0:00,三界外人士,,5
美团,伊芦山,2018/4/14 0:00,阿洁n,不值这个钱，没什么好玩的，一点特色没有,2
美团,伊芦山,2018/4/11 0:00,匿名用户,千万不要去，门票死贵，还没什么玩的，服务态度差，绝对不会再去了，简直去了一次肠子悔青了。,1
美团,伊芦山,2018/4/10 0:00,pWc113664575,树都是刚种的连叶子都基本没有，环境比苍梧绿园差多了而且还收费！停车费10块。。。。。恶心到家了,1
美团,伊芦山,2018/4/5 0:00,wang112345,钱花浪费了，以后不要钱我也不去,2
美团,伊芦山,2018/4/4 0:00,小可乐amy,花没多少开的，3年后会好起来的,2
美团,伊芦山,2018/4/4 0:00,小可乐amy,第一年真的比较差，没什么梅花看,2
美团,伊芦山,2018/4/2 0:00,ybczwj,今年好多花都没开，估计明年会很好的,3
美团,伊芦山,2018/3/31 0:00,爱美食爱的没方向,主要是陪家人来的，很开心，不能和游乐园比，什么好玩不好玩的，我挺喜欢的，可以做观光车，可以租自行车自驾，梅花都开了，明年来吃桃子?免费，里面员工说的！,4
美团,伊芦山,2018/3/30 0:00,徐jin0703,一点点花居然那么贵，不知道谁给的勇气,1
美团,伊芦山,2018/3/30 0:00,匿名用户,里面梅花根本没有多少 都是秃头树 门票那么贵 完全不值 里面唯一能照相的地方还是假花 也是醉了,1
美团,伊芦山,2018/3/29 0:00,czP411741153,整个园区还没成气候，门票太高！,3
美团,伊芦山,2018/3/24 0:00,团团2兔,里面很空，梅花基本上都没开，票价死贵,2
美团,伊芦山,2018/3/23 0:00,ApQ254735935,就一新建的光秃秃荒公园，门票还165！被骗了的感觉,1
美团,伊芦山,2018/3/18 0:00,心思维辅导,地方挺大  明年应该会开的旺   今天周六  降央卓玛  还真吸引去不少人   唱三首歌直接走人  嗯  钱真好转~,3
美团,伊芦山,2018/3/17 0:00,关井泉,花期未到，显得枝条太清爽，部分盆景也被冻得萎缩了,3
美团,伊芦山,2018/3/12 0:00,HJb746818813,服务态度好，热情接待,4
美团,伊芦山,2018/3/12 0:00,匿名用户,环境不错，带孩子逛骑骑车挺好，就是梅花没开,3
美团,伊芦山,2018/3/12 0:00,匿名用户,环境挺好，带孩子的可以骑骑车，就是梅花没开,3
美团,伊芦山,2018/3/12 0:00,Bingtong0506,根本就没完善，宣传的那么好，刚起步的旅游景点，什么也没有，还收60门票。真是不值。去过的人都被性价比震撼到了。,1
美团,伊芦山,2018/3/12 0:00,远航英语1对1辅导,非常差，几乎没有花，门票那么贵,1
美团,伊芦山,2018/3/11 0:00,匿名用户,没花节，既然花没开，你能别收那么贵的门票吗？！好意思吗？停车10块，园内电瓶车10块…进不要钱的家门前公园绿化也比这好呀，到处是荒土和光秃秃树枝。再也不会去了……,1
美团,伊芦山,2018/3/11 0:00,Langke200129,设计花了大心思，位置也醒目，但整个梅园除了盆景满园都是枯枝，没到开花的时候何必开园，作为连云港人很为它失望?,1
美团,伊芦山,2018/3/11 0:00,匿名用户,首先服务态度不行，其次门票价格高的离谱，就一普通市民广场类型，一抹绿意没看到，全是枯枝。开的都是盆栽梅花，还有很多装饰是假花，说心里话20的门票都不值。在农村这样的景点卖60真够讨人厌的。差评！,1
美团,伊芦山,2018/3/11 0:00,ywm263957009,花?都没怎么开，开的都是些盆栽里的！门票又难么贵！感觉不值！,1
美团,伊芦山,2018/3/10 0:00,PQP294812122,没花节名副其实，一朵花没有，没开花门票还那么贵，骗人，没有一个半月这花是开不了了，景区指示牌方向不明确，害得我多跑好多路，工作人员服务态度也很差，爱理不理的,1
美团,伊芦山,2018/3/10 0:00,匿名用户,3月3号去的，当时花确实没开，就摆了几个盆栽，地方倒是挺大，感觉不值。,2
美团,伊芦山,2018/3/4 0:00,谁前世约,梅花还没怎么开了，票价太贵，感觉不值，盆栽的开了一点，照片拍的近景,2
美团,伊芦山,2018/3/3 0:00,匿名用户,大多梅花没开，就开园了，两个人110大洋，看的就是这个景，肠子悔青了。,1
美团,伊芦山,2018/3/3 0:00,A偏执的配角,梅花都没开，摆的盆栽，景区没完善大肆宣扬干什么！垃圾！,1
驴妈妈,大伊山,2018/10/16,lv1****y6q,不错，挺好的，玩的开心，就是太累了，礼拜一去的，人不多。,5
驴妈妈,大伊山,2018/10/7,lv1****4dn,这个长假去这里玩，驴妈妈定票是很方便的，可是，景区居然有3个门，去了一个门，问窗口的工作人员，说要下去换票，然后我又找到客户中心那说换票，人家又说不换票，扫二维码就可以进去，然后又是打电话，又是找领导，进过一段时间，有个领导来了，带着我们从另一个大门口扫码进去了，说白了，你们驴妈妈和景区的衔接没有做到位，受伤害的总是我们消费者。,2
驴妈妈,大伊山,2018/10/6,lv1****l7a,很小，寺庙很新，佛教气氛不是很足，门口小摊贩喇叭叫卖拉低lever,3
驴妈妈,大伊山,2018/6/5,lv1*******,虔诚跪拜。大佛很壮观，很好。低垂怜爱的眼神仿佛看尽世间万物，让人感到自身渺小。山顶略有风。,5
驴妈妈,大伊山,2018/6/4,时****针,自驾的，停车场有点小，走到景区大门大概2分钟左右，很方便。里面景点不是很大，主要是进香。,5
驴妈妈,大伊山,2018/6/4,lv1*******,门票确实优惠了景致不错的在博爱亭放眼望去很惬意只是去石观古墓很不方便。,5
驴妈妈,大伊山,2018/6/4,lv1*******,到了石佛寺，净化心灵，站在大佛脚下观看一路走过的风景，美丽动人。,5
驴妈妈,大伊山,2018/6/3,它****了,新的一年，总希望家人能够平平安安，工作能够顺顺利利，看这几天天气晴朗，何不带娃跑一趟伊山大佛祈福呢？,5
驴妈妈,大伊山,2018/6/3,lv1*******,灌云没什么游览地，伊山大佛是比较出名的吧，大佛处。祈福，烧香。香火还是很旺盛的。。。。。,5
驴妈妈,大伊山,2018/6/3,二****,一路过去。在大伊山脚下远处看到佛身时，就感觉到了它的宏伟！非周末、节假日去的，人不是很多。,5
驴妈妈,大伊山,2018/6/2,s****n,新的一年，总希望家人能够平平安安，工作能够顺顺利利，看这几天天气晴朗，何不带娃跑一趟伊山大佛祈福呢？,5
驴妈妈,大伊山,2018/6/1,lv1*******,总的来讲大佛还是非常壮观的，午饭没有在景区吃。,5
驴妈妈,大伊山,2018/6/1,lv1*******,景色很美，环境卫生，工作人员热情，要能弄点禅文化的民宿就好了。,5
驴妈妈,大伊山,2018/5/31,lv1*******,多年前去过次伊山大佛，当时就被大佛的弘大气场所吸引。。。这次趁着驴妈妈的特惠门票，带上萌娃约上好友再感受一回~,5
驴妈妈,大伊山,2018/5/31,lv1*******,伊山大佛个人感觉还是蛮灵的，只要诚心祈福会有回报，还是那句话心诚则灵。大伊山的环境也真的不错，附近就是县城。,5
驴妈妈,大伊山,2018/5/30,lv1*******,虔诚跪拜。大佛很壮观，很好。低垂怜爱的眼神仿佛看尽世间万物，让人感到自身渺小。山顶略有风。,5
驴妈妈,大伊山,2018/5/30,驴****意,到了石佛寺，净化心灵，站在大佛脚下观看一路走过的风景，美丽动人。,5
驴妈妈,大伊山,2018/5/30,lv1*******,总的来讲大佛还是非常壮观的，午饭没有在景区吃。,5
驴妈妈,大伊山,2018/5/30,lv1*******,这里风景秀丽人心都静了许多古寺也很有意思。这几天天气都很好建议大家来游玩会是不错的放松方式！,5
驴妈妈,大伊山,2018/5/29,lv1*******,直接在前台换票，然后入场。当天下雨人不多，也没人排队换票，很快！,5
驴妈妈,大伊山,2018/5/29,lv1*******,"部门活动组织出游，两个小时车程，路程不远不近，刚好合适，虽然不是漫山遍野花开的季节，但是景色一样美，个人认为性价比比较高，一路游玩刚好16：00下山，所有人都玩得开心，玩得愉快，玩得激情澎湃，值得大家一游
",5
驴妈妈,大伊山,2018/5/29,lv1*******,在景区入口处，看见远处矗立的大佛，可以随心用自己的视觉去感受。,5
驴妈妈,大伊山,2018/5/28,皮****,伊山大佛个人感觉还是蛮灵的，只要诚心祈福会有回报，还是那句话心诚则灵。大伊山的环境也真的不错，附近就是县城。,5
驴妈妈,大伊山,2018/5/27,lv1*******,门票确实优惠了景致不错的在博爱亭放眼望去很惬意只是去石观古墓很不方便。,5
驴妈妈,大伊山,2018/5/27,lv1*******,上月刚提的新车，准备放假时候附近跑一跑，顺便让车子磨合一下。,5
驴妈妈,大伊山,2018/5/27,lv1*******,大石佛赏心悦目，沁人心脾。感觉心灵得到了洗礼，平日的疲惫与抱怨都已释然，而且增进了全家人的感情，是一个十分值得观赏的景点，不虚此行！,5
驴妈妈,大伊山,2018/5/26,lv1*******,小的时候，每到春天，学校都会组织春游，工作之后，就没有了闲暇，或者准确地说是忘了生活。这次给自己放了个假。我们是从东门进，南门出，避开了高峰期的人群，,5
驴妈妈,大伊山,2018/5/26,d****5,"大伊山里的人文也挺有看头很多都需要仔细看介绍手机官方微信账号也有微信导览介绍
",5
驴妈妈,大伊山,2018/5/25,lv1*******,景色不错，在人不是很多的淡季去走一走，还是挺惬意的。整个人在山水之间悠然自得，好！,5
驴妈妈,大伊山,2018/5/25,lv1*******,细雨蒙蒙，感觉好有事情画意，如果带小孩子去是个不错的选择，又能欣赏美景，又可以得到锻炼，棒棒哒！,5
驴妈妈,大伊山,2018/5/24,lv1*******,这里风景秀丽人心都静了许多古寺也很有意思。这几天天气都很好建议大家来游玩会是不错的放松方式！,5
驴妈妈,大伊山,2018/5/24,三****螂,景色不错很适合老年人游玩，这个季节票价用网络支付只有50比平日少10块，一路上处处是小品，博爱亭，老龙涧，石佛古寺景色古典优美,5
驴妈妈,大伊山,2018/5/23,lv1*******,周末去的大伊山，景区就在县城，很好找，到了景区还不错，好多小朋友爬山，博爱亭看下去很漂亮，带着小孩玩很开心。,5
驴妈妈,大伊山,2018/5/23,我****,早上8点钟驱车来到伊山石佛寺，远远的就看见大佛高高耸立于青山之下，慈祥的俯视着芸芸众生，威武而庄严。,5
驴妈妈,大伊山,2018/5/22,lv1*******,石佛古寺碑文很有历史，古寺一半是现代建筑，一半是古寺遗址。,5
驴妈妈,大伊山,2018/5/22,小****,细雨蒙蒙，感觉好有事情画意，如果带小孩子去是个不错的选择，又能欣赏美景，又可以得到锻炼，棒棒哒！,5
驴妈妈,大伊山,2018/5/22,lv1*******,在景区入口处，看见远处矗立的大佛，可以随心用自己的视觉去感受。,5
驴妈妈,大伊山,2018/5/22,赵****,景色很美，环境卫生，工作人员热情，要能弄点禅文化的民宿就好了。,5
驴妈妈,大伊山,2018/5/21,贪****,大石佛赏心悦目，沁人心脾。感觉心灵得到了洗礼，平日的疲惫与抱怨都已释然，而且增进了全家人的感情，是一个十分值得观赏的景点，不虚此行！,5
驴妈妈,大伊山,2018/5/21,lv1*******,景色不错很适合老年人游玩，这个季节票价用网络支付只有50比平日少10块，一路上处处是小品，博爱亭，老龙涧，石佛古寺景色古典优美,5
驴妈妈,大伊山,2018/5/20,lv1*******,多年前去过次伊山大佛，当时就被大佛的弘大气场所吸引。。。这次趁着驴妈妈的特惠门票，带上萌娃约上好友再感受一回~,5
驴妈妈,大伊山,2018/5/20,lv1*******,大伊山不错，就是山矮了点，还没过瘾就到山顶了。,5
驴妈妈,大伊山,2018/5/20,平****,直接在前台换票，然后入场。当天下雨人不多，也没人排队换票，很快！,5
驴妈妈,大伊山,2018/5/20,芭****,上月刚提的新车，准备放假时候附近跑一跑，顺便让车子磨合一下。,5
驴妈妈,大伊山,2018/5/19,赵****,儿子没去过，带他去了N次灌云，一直没带他去大伊山，这次，在灌云吃完饭，就索性带他去了，因为是淡季，门票周六的才50，驴妈妈网上现订现走。游客不是太多，天气也不热，飘了几滴小雨。,5
驴妈妈,大伊山,2018/5/19,lv1*******,自驾的，停车场有点小，走到景区大门大概2分钟左右，很方便。里面景点不是很大，主要是进香。,5
驴妈妈,大伊山,2018/5/18,纵****载,自驾游，灌云周围，休闲，爬山，惬意。,5
驴妈妈,大伊山,2018/5/18,纵****雪,"大伊山里的人文也挺有看头很多都需要仔细看介绍手机官方微信账号也有微信导览介绍
",5
驴妈妈,大伊山,2018/5/17,孟****飘,石佛古寺碑文很有历史，古寺一半是现代建筑，一半是古寺遗址。,5
驴妈妈,大伊山,2018/5/17,龙****,真的是一次非常不错的体验，景区干净，驴妈妈还能少点门票钱。,5
驴妈妈,大伊山,2018/5/17,lv1*******,很多年前去过一次，当时除了大佛已完工其余的很多设施尚处于建设中，这次去才真正领略大佛的大气磅礴。,5
驴妈妈,大伊山,2018/5/17,lv1*******,今年灌云的春天走的晚，赶紧趁机到处走走。在这种不冷不热的天气里，吹着山风！爬爬山，惬意！,5
驴妈妈,大伊山,2018/5/16,b****,大伊山不错，就是山矮了点，还没过瘾就到山顶了。,5
驴妈妈,大伊山,2018/5/16,灰****强,自驾游，灌云周围，休闲，爬山，惬意。,5
驴妈妈,大伊山,2018/5/15,lv1*******,五月去挺好的，适合亲子游，刷身年卡进入很方便,5
驴妈妈,大伊山,2018/5/15,lv1*******,这个月周六，终于摆脱一到双休就下雨的死循环，难得有个放晴天，于是和父母表妹一起驱车到灌云大伊山参观了伊山胜境，收获颇丰富。,5
驴妈妈,大伊山,2018/5/14,lv1*******,景色不错，在人不是很多的淡季去走一走，还是挺惬意的。整个人在山水之间悠然自得，好！,5
驴妈妈,大伊山,2018/5/13,四****,今年灌云的春天走的晚，赶紧趁机到处走走。在这种不冷不热的天气里，吹着山风！爬爬山，惬意！,5
驴妈妈,大伊山,2018/5/13,lv1*******,"部门活动组织出游，两个小时车程，路程不远不近，刚好合适，虽然不是漫山遍野花开的季节，但是景色一样美，个人认为性价比比较高，一路游玩刚好16：00下山，所有人都玩得开心，玩得愉快，玩得激情澎湃，值得大家一游
",5
驴妈妈,大伊山,2018/5/13,lv1*******,周末去的大伊山，景区就在县城，很好找，到了景区还不错，好多小朋友爬山，博爱亭看下去很漂亮，带着小孩玩很开心。,5
驴妈妈,大伊山,2018/5/12,灰****强,这个月周六，终于摆脱一到双休就下雨的死循环，难得有个放晴天，于是和父母表妹一起驱车到灌云大伊山参观了伊山胜境，收获颇丰富。,5
驴妈妈,大伊山,2018/5/12,lv1*******,真的是一次非常不错的体验，景区干净，驴妈妈还能少点门票钱。,5
驴妈妈,大伊山,2018/5/12,lv1*******,一路过去。在大伊山脚下远处看到佛身时，就感觉到了它的宏伟！非周末、节假日去的，人不是很多。,5
驴妈妈,大伊山,2018/5/10,b****s,很多年前去过一次，当时除了大佛已完工其余的很多设施尚处于建设中，这次去才真正领略大佛的大气磅礴。,5
驴妈妈,大伊山,2018/5/10,v****,过年人实在是太多，而且现在扩建中，人还是在南线博望亭和石佛古寺一带，北线石观古墓基本没有人，一个原因是路没修。,5
驴妈妈,大伊山,2018/5/10,lv1*******,过年人实在是太多，而且现在扩建中，人还是在南线博望亭和石佛古寺一带，北线石观古墓基本没有人，一个原因是路没修。,5
驴妈妈,大伊山,2018/5/9,赵****,灌云没什么游览地，伊山大佛是比较出名的吧，大佛处。祈福，烧香。香火还是很旺盛的。。。。。,5
驴妈妈,大伊山,2018/5/8,lv1*******,早上8点钟驱车来到伊山石佛寺，远远的就看见大佛高高耸立于青山之下，慈祥的俯视着芸芸众生，威武而庄严。,5
驴妈妈,大伊山,2018/5/8,百****,小的时候，每到春天，学校都会组织春游，工作之后，就没有了闲暇，或者准确地说是忘了生活。这次给自己放了个假。我们是从东门进，南门出，避开了高峰期的人群，,5
驴妈妈,大伊山,2018/5/7,lv1*******,儿子没去过，带他去了N次灌云，一直没带他去大伊山，这次，在灌云吃完饭，就索性带他去了，因为是淡季，门票周六的才50，驴妈妈网上现订现走。游客不是太多，天气也不热，飘了几滴小雨。,5
驴妈妈,大伊山,2018/5/7,lv1*******,五月去挺好的，适合亲子游，刷身年卡进入很方便,5
驴妈妈,大伊山,2012/1/10,匿名,灌云县白云宾馆灌云县白云宾馆灌云县白云宾馆灌云县白云宾馆,4
驴妈妈,大伊山,2011/10/12,u****0,十月长假去了连云港。风景很美。海边也美。但吃的东西不行。去的是渔民家开的饭店.,4
驴妈妈,大伊山,2011/9/8,6****6,我家在大伊山风景区脚下。每逢节假日，大伊山风景区就会聚集很多的游客，如在山脚下看山顶，密密麻麻的人群也是一种独特的风景。,4
驴妈妈,大伊山,2009/6/15,另****,大伊山有全国规模最大的新石器时代石棺墓葬群，是目前我国发现最早、保存最为完好、距今6500多年前的母系氏族公社遗址,4
去哪儿,大伊山,2017/8/17,M*屿,第三次爬大伊山了，一路上很凉快，因为树木超级多，前面我用滤镜拍了照片，后面没有，因为我觉得真的的大伊山景色介于两者之间，因为是夏天所以爬山的人不多，会有小小的虫子，有些烦人，大伊山比起花果山的确有些逊色，但是！锻炼身体放松心情去爬一爬还是不错的,4
去哪儿,大伊山,2018/10/13,大*农,大伊山是国家4A级景区，素有淮北平川第一神山之称。由12座山峰组成，最高峰226.7米。大伊山距连云港市区约30公里，占地5平方公里，自古就有“十里青山半入城”之美誉。这里也是徒步圣地，门票50块钱很值得。,5
去哪儿,大伊山,2018/8/29,M*8,昨天去爬了大伊山，秋高气爽，心情愉悦，山间行走，自在随心！&#x0A;昨天去爬了大伊山，秋高气爽，心情愉悦，山间行走，自在随心！,5
去哪儿,大伊山,2018/6/27,M*2,今天和朋友一起到大伊山玩，山中环境清幽，景色怡人，途中突然下起了大暴雨，我们利用山里的报警系统求救，景区工作人员第一时间赶来救援，赤着脚，衣服都湿透了也不在意，最终把我们安全送出景区，景区的这种服务精神让我感受到了家人般的温暖，雨后的大伊山是真美，以后要经常带着家人朋友来大伊山游玩。,5
去哪儿,大伊山,2018/11/17,*湖,景点比较少，没有自然景观，性价比比较低，不建议特意去游玩，景点比较少，没有自然景观，性价比比较低，不建议特意去游玩，景点比较少，没有自然景观，性价比比较低，不建议特意去游玩，,4
去哪儿,大伊山,2018/11/6,_*2,大伊山有奇形怪石，山间流水，树木种类繁多，也可观佛净心，还有游乐园可以玩！,5
去哪儿,大伊山,2018/6/28,_*3,今天和母亲一起去爬了爬大伊山，雨后放晴，大伊山满眼清碧，整座山更加清亮，和母亲走了走，山中空气十分清新，心情都空旷了很多，远处石佛寺中传来阵阵梵音，突然想有点理解为什么古人总是那么钟情千山万水，写出脍炙人口的诗句！,5
去哪儿,大伊山,2018/6/27,_*2,去大伊山景区道路很好，也很好找，多远就可以看见一座金光闪闪的大佛，山上的植被很多，栖龙洞里面很凉快，卫生坏境也很好，景区人员的服务态度也很不错，感觉这趟没有白来，大家如果有空也可以来大伊山玩一玩，真心不错。,5
去哪儿,大伊山,2018/11/5,M*2,值得一玩，秋天的大伊山很美丽。,5
去哪儿,大伊山,2018/6/24,_*2,爱在伊山，福(佛)佑我妻――小鱼儿&#x0A;大伊山巨大佛，佛法无边，福缘深厚，福泽绵长。&#x0A;景色很美，四座山连绵起伏，山水有相逢，好去处！,5
去哪儿,大伊山,2018/8/22,1*6,下雨天去大伊山，山上水流潺潺，空气清新，最主要是离家近，早起去锻炼还是不错的选择,5
去哪儿,大伊山,2018/6/28,M*8,有朋友推荐来大伊山游玩，开车来到灌云，远远看到一尊大佛，家里婆婆是信佛之人，来拜拜是好的，石佛寺僧人待人和蔼，也不强买强卖香，寺内环境给人感觉很舒适，又带着家人去山上转转，一路上都有指示牌告知景点路线怎么走，很温馨，家里人说下次还要过来玩。,5
去哪儿,大伊山,2018/11/6,_*0,天气凉爽了，没事去爬爬山还是挺好的，这个点山上秋叶都红了，挺好的,5
去哪儿,大伊山,2018/8/30,_*0,老家没啥好玩的，没事去大伊山爬爬山也挺好的，山上还是挺凉快的,5
去哪儿,大伊山,2018/6/26,_*0,环境很漂亮，山不是特别高很适合一家人去,5
去哪儿,大伊山,2018/6/26,_*8,啊，还以为是非洲人，给吹树叶的佤族小黑打CALL，景区景色也很不错，暑期好像也有活动，到时候再来，嘿嘿,5
去哪儿,大伊山,2018/6/26,M*4,朋友说大伊山景区里面的大佛像特别的宏伟，然后带着家人来到此景区，没有让我失望，确实非常的壮观。还去了山上，山上的自然植被很多，空气很好，适合我们这种家庭旅游。推荐大家过来看一下。,5
去哪儿,大伊山,2018/6/26,_*6,从东门入园，有南方园林古典之美。山上的老龙涧景色特别好，植被覆盖率特别高，很适合休闲度假旅游。大伊山景区里还有一个石佛寺，里面有一个好大好大的佛像，非常的庄严，推荐大家去感受一下,5
去哪儿,大伊山,2018/11/14,原*呀,大佛被震撼到，佛光普照，佛法无边～,5
去哪儿,大伊山,2018/8/4,小*5,这里还是值得去的&#x20;&#x20;&#x20;环境好&#x20;&#x20;&#x20;风景优美&#x20;&#x20;&#x20;不枉此行,5
去哪儿,大伊山,2018/11/7,M*9,大伊山风景很美，有山，有水，还有好多枫叶真是旅游的好地方,5
去哪儿,大伊山,2018/11/7,M*1,初次来大伊山，让我大吃一惊，有威严矗立的大佛，有活灵活现的神仙洞，还有清澈爽口的瓢二井??,5
去哪儿,大伊山,2018/7/27,_*0,今天和家里人一起到大伊山玩，山上空气不错，就是有点热，个人觉得石佛寺挺好的，大佛像看着很漂亮，还可以烧香祈福,5
去哪儿,大伊山,2018/10/20,2*1,风景可以的，山中走，爬山越岭，还有大佛。,5
去哪儿,大伊山,2018/7/2,h*w,17年元旦去的，虽然是冬天，但人还挺多的。沿途的风光特别优美卫生也很好&#x20;，交通十分方便，我们是自驾去的，下高速就到了，还不错,5
去哪儿,大伊山,2018/6/29,M*6,跟团走的，大伊山景区就是其中一个点，没有抱太大希望，可是从远处看大伊山，就像一个人卧在那里，进入石佛寺，看着释迦牟尼佛，一种宁静油然而生。希望下次可以仔细地转遍整个景区。,5
去哪儿,大伊山,2018/6/29,M*6,跟团走的，大伊山景区就是其中一个点，没有抱太大希望，可是从远处看大伊山，就像一个人卧在那里，进入石佛寺，看着释迦牟尼佛，一种宁静油然而生。希望下次可以仔细地转遍整个景区。,5
去哪儿,大伊山,2018/6/28,_*9,大伊山风景区原始生态非常好，绿化景观非常漂亮。历史文化比较丰富，神化传说也很多，特别是佛文化在苏北很出名，伊山大佛在世界十佛之一。景区管理上一流，待客服务周到。玩过之后胜过玩全国各山大川。,5
去哪儿,大伊山,2018/6/28,_*8,前几天去了一趟，喜欢那个山洞，超级凉快，山洞难得不像其他景区一样人工开凿、现代化，基本是天然的，光线有点暗，玩的朋友们小心咯,5
去哪儿,大伊山,2018/6/28,M*5,端午节假期带着孩子去大伊山游玩，景区办佤族竹竿舞，孩子也随着跳了几分钟感觉特别好玩。还和我提下次再去,5
去哪儿,大伊山,2018/6/26,M*8,深山藏古寺，意境很美！石佛寺大佛坐落其中，让人不由自主被吸引。,5
去哪儿,大伊山,2018/6/26,M*9,大伊山景区是国家4A级景区，大伊山素有淮北平川第一神山之称。风景秀丽，伊山大佛蔚为壮观，山上景色清新怡人，是爬山拜佛的好去处。,5
去哪儿,大伊山,2018/9/1,M*8,空气很好，反正闲着也是闲着，大伊山每天都在发生改变，美景不断，不断塔索的我，总会发现不一样的风景,5
去哪儿,大伊山,2018/8/30,M*8,老龙潭风景不错，俯瞰灌云大大县城的！心舒旷达！,5
去哪儿,大伊山,2018/8/26,D*5,性价比高，在建新项目，后期应该不错。,5
去哪儿,大伊山,2018/8/24,_*3,氧吧，就是配套设施什么的差强人意点，进去后导引比较少，我们去的时候好些地方都有施工，不太畅快,4
去哪儿,大伊山,2018/6/26,M*2,巧夺天工的自然风光，慈悲、庄严的大佛，令无数瞻仰膜拜者欢喜赞叹，倍生虔诚恭敬之心.,5
去哪儿,大伊山,2017/9/11,小*园,景区刚开发，山上很多景点还有待建设，山下寺庙也刚开过光，总之景点还有待建设，最想说的是门票，20块钱一个人，小孩老人不要钱，性比价还可以但是!最无语的是!售票员:你们几个人？我:五个人，我有学生证 售票员:你们就只有五个人，学生票没了,3
去哪儿,大伊山,2018/7/2,h*w,提前在网上买票，到售票处取票。景区环境也还好，距离不太远，爬上去刚刚好，半日游不错的选择,5
去哪儿,大伊山,2018/7/1,M*2,景色宜人，很适合老年人游玩，网络支付只有50元比平时少10元,5
去哪儿,大伊山,2018/6/30,M*2,周末去大伊山，景区就在县城，这几天天气很好是个不错的放松云式。,5
去哪儿,大伊山,2018/6/29,s*1,第一次和朋友来，景色不错，棒棒哒,5
去哪儿,大伊山,2018/6/29,M*2,我和朋阋黄鸬缴缴贤妫碰巧那天是端午节。看到小黑哥在山上表演节目，非常精彩。我们玩的太开心了。,5
去哪儿,大伊山,2018/6/28,b*5,景区景色怡人，山林叠翠，空气清新，漫步其间，如入仙境，使人心旷神怡。,5
去哪儿,大伊山,2018/6/28,M*2,上次端午节带小孩来景区玩，刚好有活动，小数民族演艺真精彩，景区也很美，值得再来，推荐推荐,5
去哪儿,大伊山,2018/6/28,_*2,景区干净，真是一次不错的体验，又能欣赏美景，又能锻炼。,5
去哪儿,大伊山,2018/6/28,_*3,和朋友第一次来，景色真不错,5
去哪儿,大伊山,2018/6/28,_*7,一山，&#x20;一水，一寺，一佛，好看又好玩,5
去哪儿,大伊山,2018/6/26,M*8,风景优美，赏心悦目的大自然风光，清风徐徐吹来,5
去哪儿,大伊山,2017/10/24,M*2,大佛离城很近，景区指路非常清楚)，很值得玩。上午七点前进入景区不不收门票，石佛古寺都要去一下。景区内非常干净卫生，清静。,5
去哪儿,大伊山,2018/6/19,1*4,相当不错，山水相依，风景怡人！,5
去哪儿,大伊山,2017/5/25,M*屿,我觉得大伊山比起南京鸡鸣寺等等没有什么差别，鸡鸣寺，金山寺只是庙比较多，但是金山寺门票84，大伊山20，学生票都是半价，大伊山主要是爬山，绿色超多，清明节时候最美，我最近一次是寒假去哒，但我依旧很喜欢它,4
去哪儿,大伊山,2018/5/8,D*5,新景区，还有很多地方没建好，整体布局应该不错,4
去哪儿,大伊山,2017/4/30,_*0,门票20，算上石佛寺感觉还行，有山无水，景色还不错，山有点小，感觉少了那么一丝灵气，可能是因为我去五岳去的多了吧，总体还行,4
去哪儿,大伊山,2017/6/28,欢*雄,大伊山石佛寺最早建于元朝，后来被毁。现在的是2007年重建的，三面环山，一面朝阳，有山门牌楼，大雄宝殿、观音殿、露天弥勒、四大天王等，最重要的是33米高的铜坐佛，据说是国内最大的。,5
去哪儿,大伊山,2017/5/19,M*5,景色秀丽，环境优雅，值得一游。,5
去哪儿,大伊山,2017/8/22,l*o,景区人文景观众多，自然风光优美，已建成石佛寺、伊山大佛等景点40多处；其中伊山大佛，为亚洲第一坐佛，全国知名的十三座大佛之一。,4
去哪儿,大伊山,2017/10/28,o*7,孔子和连云港很有渊源，大尹山也和他有关。,5
去哪儿,大伊山,2017/2/19,平*t,环境非常漂亮，吃的也很多，下次再来,5
去哪儿,大伊山,2017/10/10,M*3,免费，山上有个盘丝洞比较有趣。可以俯瞰整个灌云县。山上风景一般,4
去哪儿,大伊山,2017/3/13,1*1,大伊山素有淮北平川第一神山之称，属泰山支脉，诞生于太古代，距今已有20亿年的历史，因商朝宰相伊尹在此隐居而得名。自古就有“十里青山半入城”之美誉，历史悠久文化璀璨，自然景观和人文景观十分丰富，具有“幽、古、神、奇”四大特点。一、石棺。在大伊山东麓有全国规模最大的新石器时代石棺墓葬群，这是目前我国发现最早、保存最为完好的新石器时代母系氏族公社遗址。二、石佛寺。大伊山曾有“云台和尚伊山庙，僧道寺观胜苏州”之誉，历来是寻仙求道的洞天福地，曾被誉为“淮北第一神山”、“苏北第一丛林”。古刹石佛寺就是其中的典型代表，为歇山重檐式建筑。三、石刻。大伊山岩画从艺术手法和画面所蕴藏的内涵上讲，均为全国同类岩画中所少有。其中有元代梅鹿石岩画、海船石岩画、美女石岩画，以及被称为神秘的东方天书的星相石。,5
去哪儿,大伊山,2017/2/21,M*5,"美,空气清新，环境优雅，值得你去试一试",5
去哪儿,大伊山,2017/2/11,枣*区,南门是江北最大的卧佛，东门也可进，翻过山即到南门，山不高，植被不错，植被尚可，景区管理一般，卫生间太脏。旁边挨着的是烈士陵园。,5
去哪儿,大伊山,2017/3/25,M*1,人多热情，风景美好，景色宜人，佛大，山青水秀！！,5
去哪儿,大伊山,2017/4/4,q*1,大伊山，淮北第一神山，伊山大福，保佑您平安快乐,5
去哪儿,大伊山,2017/5/30,3*5,还可以哦，门票有点贵，景点倒是还不错,3
去哪儿,大伊山,2017/5/19,月*台,大伊山四A 级风景区，更是先贤伊尹的故乡，还有石佛寺，山上还有山洞，很好玩,5
去哪儿,大伊山,2016/4/4,梅*梅,大伊山是4A级风景区，景色还是不错的，值得一去！,4
去哪儿,大伊山,2017/3/2,美*r,伊山大佛很好玩，山上景色很优美,5
去哪儿,大伊山,2016/8/14,_*4,去那边比赛，和团队一起爬的山，爬行旅途中很是艰辛，到快顶端时整个团队都已经绝望，山很高，到了顶端才体会到什么叫做会当凌绝顶，一览众山小。挺不错的,4
去哪儿,大伊山,2016/12/25,皇*帝,连云港伊山大佛，大佛海拔高66米，佛体高33米（意寓三十三重天），66为六六大顺，寓意吉祥，与佛教的“六度六和”相和合。,5
去哪儿,大伊山,2017/3/30,1*9,山清水秀，游乐场适合小朋友玩耍。,5
去哪儿,大伊山,2017/3/25,M*2,古老的大依山，风景还不错，没事去爬爬山,5
去哪儿,大伊山,2017/3/13,m*8,大伊山，是国家3A级景区，素有淮北平川第一神山之称。,5
去哪儿,大伊山,2016/9/12,自*息,去了北上广后，人满为患的感觉很浓，再细品身边之苏北之最坐佛，真的是个好去处。如服务设施再完备些，将是一处不可缺少的游玩圣处!,5
去哪儿,大伊山,2016/7/17,B*n,清晨～青城～倾城～我爱它～来了不后悔哦～,5
去哪儿,大伊山,2017/1/6,M*9,徒有虚名，没什么看的景点。纯个人看法。,3
去哪儿,大伊山,2016/11/24,M*0,当地著名的旅游景点，大佛很壮观。,5
去哪儿,大伊山,2016/11/16,o*7,大伊山素有淮北平川第一神山之称。,5
去哪儿,大伊山,2016/10/27,华*w,清心的空气，欢快的鸟语，悠扬的禅钟，喝上一杯当地的云雾茶，难得如此，莫非是人间仙境吗？,4
去哪儿,大伊山,2016/2/11,_*4,游山玩水，看见美女帅哥，贴近自然,5
去哪儿,大伊山,2016/7/27,_*4,扛把子洲第一坐佛香港是青~的@外面金…,5
去哪儿,大伊山,2016/8/19,J*y,大伊山的大佛是连云港市灌云县的一个很有特色的景点。,4
去哪儿,大伊山,2016/1/29,M*2,风景很好，而且人又多，很值得一去,5
去哪儿,大伊山,2016/8/10,_*9,大佛像雄伟壮观，周边美食不错…值得来赏玩,4
去哪儿,大伊山,2015/9/17,寒*5,冒着小雨游览了大伊山，因为知名度不高，加上天气的原因，所以游人屈指可数，里面有一些洞穴，没有完全开发好，站在山头，可以看见城市的全貌，碰见3位当地的小伙子，说不花钱的入口其实有很多，当地人一般都不会掏钱买票的,4
去哪儿,大伊山,2016/6/29,_*8,好，我们家三口常去，值得你去试，,4
去哪儿,大伊山,2016/7/2,梓*琬,历史悠久文明灿烂，自然景观和人文景观非常丰富，大伊山具有“幽、古、神、奇”四大特色。,3
去哪儿,大伊山,2016/6/8,M*0,风景很美，也有很多小吃，环境也很好,5
去哪儿,大伊山,2016/2/19,_*4,前几年被评为国家四A级景区，不过过年几天票价为50元，真的不值票价啊！山上没有其它特别的地方，多数为人造景点。,4
去哪儿,大伊山,2016/3/14,_*0,山清水，很漂亮……很漂亮很漂亮……,5
去哪儿,大伊山,2016/2/7,M*7,额(⊙o⊙)…景色不咋地门票特贵,3
去哪儿,大伊山,2015/10/5,莉*7,伊山大佛、代表着灌云伊山悠久的历史文化象征、风景秀丽、景色迷人！是个不错的地方！,5
去哪儿,大伊山,2016/2/6,小*麦,很不错的地方。有信仰的人值得一去哦！！！,5
去哪儿,大伊山,2016/1/29,M*8,这里有一些特色的人文古物，例如船石，盘丝洞等等，这里生活悠闲自在！,5
去哪儿,大伊山,2016/3/15,_*6,大伊山标志性旅游景点，挺不错的,5
去哪儿,大伊山,2016/3/14,欢*欢,风景很好的呦，就是爬到半山腰就很累了，不过还是很开心的,5
去哪儿,大伊山,2016/3/13,M*1,风景不错，大佛估计是江苏最大的了,5
去哪儿,大伊山,2016/2/7,M*3,大佛还是满好的，真的去看看，山上这个季节没什么玩的,3
去哪儿,大伊山,2016/3/1,M*1,还可以哦，门票有点贵，景点也多,4
去哪儿,大伊山,2015/10/4,枣*区,灌云县城旁空气清新的景点，南东两大门，南门石佛寺，江北最大的座佛！,4
去哪儿,大伊山,2016/2/22,长*哥,这里有大佛像可以上香祈福可以爬山是不错的风景点,5
去哪儿,大伊山,2016/2/19,_*9,风景优美，大的佛像很壮观，很逼真。,5
去哪儿,大伊山,2016/2/19,_*2,好，很好玩，赏心悦目，很好，值得,5
去哪儿,大伊山,2016/2/17,g*l,我的老家，还是不错的，值得看看,5
去哪儿,大伊山,2016/2/7,_*9,金佛大交通比较方便，酒店比较多,4
去哪儿,大伊山,2016/2/16,世*平,很多人专门过来看大佛的，可是我别处已经看过，没什么感觉漂亮,3
去哪儿,大伊山,2016/1/18,一*丁,在灌云那边，有个很大的金色的佛，山上，可以去看一下，信佛的话。。。,4
去哪儿,大伊山,2015/12/26,宽*度,山青水秀有大佛，更有别的地方吃不到的美味豆丹,5
去哪儿,大伊山,2015/11/7,梁*宽,没事转转.空气宜人.散步锻炼身体.放松身心.便宜.美味多.人热情,4
去哪儿,大伊山,2015/10/14,e*8,景色不错，当地人很热情，美食也不错，值得一游,5
去哪儿,大伊山,2015/10/5,T*R,山很大，游客不是太多，但路牌设置很少，有点找不到北的感觉，多走了点路,4
去哪儿,大伊山,2015/7/27,c*8,好好好，来一趟很值得，不错的散心的地方,5
去哪儿,大伊山,2014/12/20,蒙*亿,去朋友的家乡，朋友带着我来到大伊山，好大一尊佛啊，里面的景色也非常美，躺在鹅卵石上不想起来，哈哈哈,5
去哪儿,大伊山,2014/11/8,妞*个,免费，山上有个盘丝洞比较有趣。可以俯瞰整个灌云县。景区环境很好，风景很漂亮，真不愧为“十里青山半入城”，大伊山真不愧“幽、古、神、奇”，史悠久文化璀璨，自然景观和人文景观十分丰富，玩的很愉快~~,4
去哪儿,大伊山,2014/9/17,2*2,苏北的景区有点像安徽，有点未开发的半原始状态，但是又缺少安徽那种自然天成的风景。这个景点个人觉得一般，只能说苏北第一山的名头值得一探究竟。可以到山顶上吹吹风。,5
去哪儿,大伊山,2014/12/8,z*1,还可以，经常爬，风景很好，外地人也很多。,5
去哪儿,大伊山,2014/7/13,_*老,以石为景是大伊山的一大特色，是大伊山的主要看点。这里的石头形态各异，有那么点仙气，外加郁郁葱葱的树木，环境非常不错~~,4
去哪儿,大伊山,2014/7/7,a*g,连绵的山，郁郁葱葱的树，新鲜的空气，风景很美呢，人也不多，可以去爬爬山，很不错的选择，门票还是免费的,4
去哪儿,大伊山,2014/5/26,1*1,少男少女在你在你你的电脑的难兄难弟呢觉得大家想念想念激发大家大家都觉得吧合肥报道今年的信念觉得大家世纪之交,3
去哪儿,大伊山,2014/7/18,沉*8,大伊山景观很美，特别是那亚洲最大的坐佛，真的很雄伟，是个值得去的好地方！,5
去哪儿,大伊山,2014/7/17,1*9,很好，123456789000000000000,5
去哪儿,大伊山,2014/7/7,风*7,这里是要收门票的，不过里面还算可以，山体绿化一般，有尊大佛很有名！,5
去哪儿,大伊山,2014/6/5,j*m,不错，值得去，但不是信佛拜佛只是旅游的人，去一次就差不多了,4
去哪儿,大伊山,2014/5/14,1*3,景色不错，趣味还行，性价比最高，因为它是免费的,4
去哪儿,大伊山,2014/5/12,1*0,国家4A级风景区。很不错，值得一来,4
去哪儿,大伊山,2014/4/5,1*4,家就住在这里额， 天天去爬，挺好的，欢迎大家没事来玩哈，,5
去哪儿,大伊山,2014/4/5,说*芯,大伊山你旅游的好去处！,5
去哪儿,大伊山,2013/12/7,E*1,大伊山，山峰连绵、怪石嶙峋，从南边的石佛寺上山一路往北，可以翻越四个山峰。早春和初冬的时候，爬在山上晒太阳，无比惬意！,5
去哪儿,大伊山,2014/2/12,1*7,还不错，适合早晨锻炼，山不大五脏俱全。,5
去哪儿,大伊山,2014/2/21,期*上,风景很不错，非常美丽，而且人不是特别多，值得一去，关键是免费的啊  哈哈哈～,3
去哪儿,大伊山,2014/1/26,自*息,"虽小,自然景观还好.只少树木.古文化虽有.但少故事.",3
去哪儿,大伊山,2014/1/3,1*0,偶家的必须支持。从上向下翻了半天终于找到连云港第一景区，结果。 。结果我和我的小伙伴都惊呆了!,5
去哪儿,大伊山,2013/12/2,A*n,大伊山最有名的莫过于他的石刻了，非常奇特，这也是别的地方不可能看到的。,4
去哪儿,大伊山,2013/8/31,J*1,是个免费景点，山上有个盘丝洞比较有趣。可以俯瞰整个灌云县。但山上风景一般。,3
去哪儿,大伊山,2013/1/28,J*8,回程途中路过，周一，不忙，仅遇三四撮人，如果有水的景点水能到位的话，还是可以的，石佛寺与大伊山是相通的，取票是在石佛寺取的票，从南边上山，挺陡，因为天挺热，爬了几坡，众人都有喘不过气来的感觉，到山顶有风，较凉快，可以观赏灌云城景，后山及西山还在开发，感慨把搅拌机弄到半山的不易，十几座山一天不能走完，我们二小时走了两座，从东门出了，如果从东门进，大概感觉会好点，山上虫子很多，还有粟子树，收获的季节不知道能不能摘一捧带走，等待其他游客补充。,5
去哪儿,大伊山,2013/4/11,J*2,南门进的景区，是座大佛，漂亮东西都在东门，=.=新景区，尚需完善。,5
去哪儿,大伊山,2013/3/23,J*3,景区环境很地道，风景很美，真不愧为“十里青山半入城”,4
去哪儿,大伊山,2012/12/14,J*2,大伊山真不愧“幽、古、神、奇”，史悠久文化璀璨，自然景观和人文景观大丰富，玩的很愉快~~,4
去哪儿,大伊山,2012/3/16,J*5,端午节前期，冒着小雨游览了大伊山，因为知名度不高，加天气的原因，所以游人屈指可数，里面有一些洞穴，没完全开发好，站在山头，可以看到城市的全貌，碰见3位当地的小伙子，说不花钱的入口其实有很多，当地人一般都不会掏钱买票的,5
去哪儿,大伊山,2012/6/17,J*2,起源于商朝宰相伊尹，取名为伊芦山。而在伊芦山旁边有两座山。小的山叫小伊山，坐落在小伊乡。大的山就是大伊山啦！大伊山是国家3A景区。不错哦。,5
去哪儿,大伊山,2012/1/23,J*8,连云港灌云县有座大伊山，与泰山同宗，是充满神秘和神话色彩的名山，山里发现的各种史前遗迹，让现代人对它的过去充满了猜想。在这里，人们爱吃一种叫“豆丹”的美食，这是一种以吃豆叶、喝甘露为生，在天然无毒、无公害状态生长的昆虫。,4
去哪儿,大伊山,2012/1/23,J*5,玩的很好，吃住也很方便。一家人都很喜欢。只可惜来的太晚了,5
去哪儿,大伊山,2011/12/13,J*9,刚刚从连云港回来，在灌云大伊山发现一个好东西，就是石佛庙拥有江苏第二大的坐佛，很震撼～,4
去哪儿,大伊山,2018/5/23,p*0,用户未点评，系统默认好评。,5
去哪儿,大伊山,2018/5/23,p*0,用户未点评，系统默认好评。,5
去哪儿,大伊山,2018/2/7,j*3,用户未点评，系统默认好评。,5
去哪儿,大伊山,2018/1/31,d*9,用户未点评，系统默认好评。,5
去哪儿,大伊山,2018/1/21,章*军,用户未点评，系统默认好评。,5
去哪儿,大伊山,2017/12/24,p*5,用户未点评，系统默认好评。,5
去哪儿,大伊山,2017/11/10,o*8,用户未点评，系统默认好评。,5
去哪儿,大伊山,2017/11/7,w*8,用户未点评，系统默认好评。,5
去哪儿,大伊山,2017/11/7,w*8,用户未点评，系统默认好评。,5
去哪儿,大伊山,2017/11/7,a*o,用户未点评，系统默认好评。,5
去哪儿,大伊山,2017/11/7,b*1,用户未点评，系统默认好评。,5
去哪儿,大伊山,2017/11/6,w*7,用户未点评，系统默认好评。,5
去哪儿,大伊山,2017/11/6,芸*叨,用户未点评，系统默认好评。,5
去哪儿,大伊山,2017/11/2,y*鱼,用户未点评，系统默认好评。,5
去哪儿,大伊山,2017/11/2,y*鱼,用户未点评，系统默认好评。,5
去哪儿,伊甸园,2018/4/30,张*睿,风景很好，田园风格，非常不错?,5
去哪儿,伊甸园,2018/11/20,c*6,用户未点评，系统默认好评。,5
去哪儿,伊甸园,2018/11/14,d*5,用户未点评，系统默认好评。,5
去哪儿,伊甸园,2018/11/7,z*3,用户未点评，系统默认好评。,5
去哪儿,伊甸园,2018/11/7,t*7,用户未点评，系统默认好评。,5
去哪儿,伊甸园,2018/11/6,x*1,用户未点评，系统默认好评。,5
去哪儿,伊甸园,2018/11/6,b*2,用户未点评，系统默认好评。,5
去哪儿,伊甸园,2018/11/5,c*2,用户未点评，系统默认好评。,5
去哪儿,伊甸园,2018/7/18,戏*g,用户未点评，系统默认好评。,5
